Broadcast Channel Link,Community Chat Links,Admins (comma-separated)
https://t.me/iamalexfalcon,,
https://t.me/binance_announcements,,"@BinanceChinese, @binance_announcements, @binance_cn, @binanceexchange"
https://t.me/sergeisergienkoen,,
https://t.me/MoneyDogs_Community,,
https://t.me/pixelverse_xyz,"https://t.me/pixelverse_xyz_chat_2
https://t.me/pixelverse_xyz_chat_8","@koritual92, @mamadxb, Unknown, @russ_kov, @Faizing"
https://t.me/tonstationgames,,
https://t.me/wallet_news,,@wallet_news_support
https://t.me/just,,
https://t.me/theTapCoins,,"@theTapCoins, @TapCoinsBot, @TapCoins_official, @jessica_lol, @Jessica_lol, @tapcoins_official"
https://t.me/TONKombatOfficial,,"@TON_Kombat_Chat, @Ton_kombat_bot, @sergeiknows, @TONKombat"
https://t.me/popcorn_today,,
https://t.me/ToNmetasilense,,"@ndurov, @metasalience"
https://t.me/app301,,@Agent301Bot
https://t.me/battle_games_com,,
https://t.me/findolucky,,"@findogrowbot, @findogrowsupport_bot, @Findoofficial"
https://t.me/thememetimes,,@TheMemeTimesGodfather
https://t.me/blumcrypto_memepad,,@BlumSupport
https://t.me/Binance_Moonbix_Announcements,,@binance_announcements
https://t.me/CEXIO_Announcements,,
https://t.me/ceosanya,,@ceosasha
https://t.me/dogiators,,@Dogiators_bot
https://t.me/thearefcrypto,,@arefnkteam
https://t.me/cheatkott,,@CheatKott_Godfather
https://t.me/caps,,@DurovCapsBot
https://t.me/buzz,,
https://t.me/NewsPlayToEarn,,
https://t.me/deckforge_official,,
https://t.me/boinkersNews,,"@boinker_bot, @sherryberry77, @FAB_BD"
https://t.me/lab_trade,,
https://t.me/startups,,"@strategy, @startupdis"
https://t.me/venture,,@strategy
https://t.me/xdaoapp,,"@xdao_biz, @xdao_eng"
https://t.me/trade,,@strategy
https://t.me/Airdrop_Fam,,"@Airdrop_Fam_Admin, @airdrop_fam_admin"
https://t.me/coinmarket,,@strategy
https://t.me/CRYPTO_jokker,,"@TGowner999, @topovik_999"
https://t.me/Holdcoin_Channel,,"@Holdcoin_Group, @Holdcoin_Channel, @Ryane8, @theHoldCoinBot, @holdcoingo"
https://t.me/hash_cats,,@Anya_influence
https://t.me/architecton_tech,,"@ar4ibas, @architecton_support, @architec_ton, @architec_ton_bot, @arcpay_news"
https://t.me/tomo_cat,,@tomo_cat_bot
https://t.me/Alexnosleep,,@alexisright
https://t.me/PiAnnouncements,,
https://t.me/pigscrew,,"@Pigspartners, @pigshousebot"
https://t.me/therealyescoin,,"@realyescoinbot, @theyesmann"
https://t.me/the_vertus,,"@thevertus, @ver_t_add"
https://t.me/matchain_fam,,"@MatchQuestBot, @matchain_io, @baddicte"
https://t.me/ForUAI_channel,,
https://t.me/DejenNews,,@DejenDogBot
https://t.me/tabi_ann,,@tabizoobot
https://t.me/sparkscircle,,"@circlesup, @sparkscirclebot"
https://t.me/pepefrogbar,,
https://t.me/dealdost,,"@dealdosthelp_bot, @dealdostbiz_bot"
https://t.me/AirdropFindTeam,,"@mrtigercontact, @Mrtigercontact"
https://t.me/hexnio,,"@Andrew_Listings, @hexnbd, @hexn_bot, @hexniochat, @andrew_listings"
https://t.me/Catia_Announcement,,"@catia_gamebot, @Catia_Official, @ppapa03"
https://t.me/CITY_Holder,,"@cityholder, @CITYHolderSupport_bot"
https://t.me/INSIDERR_POLITIC,,"@TGowner999, @topovik_999"
https://t.me/pocketfi,,@pocketfi
https://t.me/CryptoMemeFoundation,,@mambik
https://t.me/The_RatsKingdom,,"@RatsKingdom_Bot, @Team_RATS"
https://t.me/gameechannel,,@gameetalk
https://t.me/learn2earnings,,
https://t.me/cryp2day,,@cr2day
https://t.me/livenews_1win,,
https://t.me/Geminstitute,,"@hheidi_nn, @alexisright"
https://t.me/avagoldcoin,,"@avagoldcoin_chat, @xplabspartnership, @avagoldcoin, @avagoldcoin_bot, @XP_Labs_Support, @XpLabsPartnership"
https://t.me/farmfrog,,@frogfarmceo
https://t.me/grafunmeme,,@GraSupport
https://t.me/iPapkorn,,
https://t.me/NOTAI_ann,,
https://t.me/solana_now_trending,,
https://t.me/onus_globalchannel,,
https://t.me/MeshchainAi,,@meshchain
https://t.me/alpha_feed,,@alphafeed_support
https://t.me/ponchiqs,,@PonchKick_bot
https://t.me/smpl_app,,
https://t.me/Getmodpcs,,@GmpModder
https://t.me/theFreeDogs_ANN,,"@theFreeDogs_bot, @freedogsgroup3"
https://t.me/CryptoHylos,,"@agelta, @Agelta"
https://t.me/boomloudcoin,,@boom_launchpad
https://t.me/marketmakingpro,,
https://t.me/CRYPTO_insidderr,,"@TGowner999, @topovik_999"
https://t.me/AnuragxCricket,,@AreSunoAnurag
